file_month,zip,csv,n_rows_in_file,n_rows,n_cast_failures,columns,sniffed_types
202401,202401-citibike-tripdata.zip,202401-citibike-tripdata_1.csv,1000000,1000000,0,"ride_id,rideable_type,started_at,ended_at,start_station_name,start_station_id,end_station_name,end_station_id,start_lat,start_lng,end_lat,end_lng,member_casual","VARCHAR,VARCHAR,TIMESTAMP,TIMESTAMP,VARCHAR,DOUBLE,VARCHAR,VARCHAR,DOUBLE,DOUBLE,DOUBLE,DOUBLE,VARCHAR"
202401,202401-citibike-tripdata.zip,202401-citibike-tripdata_2.csv,888085,888085,0,"ride_id,rideable_type,started_at,ended_at,start_station_name,start_station_id,end_station_name,end_station_id,start_lat,start_lng,end_lat,end_lng,member_casual","VARCHAR,VARCHAR,TIMESTAMP,TIMESTAMP,VARCHAR,VARCHAR,VARCHAR,VARCHAR,DOUBLE,DOUBLE,DOUBLE,DOUBLE,VARCHAR"
202402,202402-citibike-tripdata.zip,202402-citibike-tripdata_1.csv,1000000,1000000,0,"ride_id,rideable_type,started_at,ended_at,start_station_name,start_station_id,end_station_name,end_station_id,start_lat,start_lng,end_lat,end_lng,member_casual","VARCHAR,VARCHAR,TIMESTAMP,TIMESTAMP,VARCHAR,VARCHAR,VARCHAR,VARCHAR,DOUBLE,DOUBLE,DOUBLE,DOUBLE,VARCHAR"
202402,202402-citibike-tripdata.zip,202402-citibike-tripdata_2.csv,1000000,1000000,0,"ride_id,rideable_type,started_at,ended_at,start_station_name,start_station_id,end_station_name,end_station_id,start_lat,start_lng,end_lat,end_lng,member_casual","VARCHAR,VARCHAR,TIMESTAMP,TIMESTAMP,VARCHAR,VARCHAR,VARCHAR,VARCHAR,DOUBLE,DOUBLE,DOUBLE,DOUBLE,VARCHAR"
202402,202402-citibike-tripdata.zip,202402-citibike-tripdata_3.csv,121501,121501,0,"ride_id,rideable_type,started_at,ended_at,start_station_name,start_station_id,end_station_name,end_station_id,start_lat,start_lng,end_lat,end_lng,member_casual","VARCHAR,VARCHAR,TIMESTAMP,TIMESTAMP,VARCHAR,VARCHAR,VARCHAR,VARCHAR,DOUBLE,DOUBLE,DOUBLE,DOUBLE,VARCHAR"
202403,202403-citibike-tripdata.zip,202403-citibike-tripdata_1.csv,1000000,1000000,0,"ride_id,rideable_type,started_at,ended_at,start_station_name,start_station_id,end_station_name,end_station_id,start_lat,start_lng,end_lat,end_lng,member_casual","VARCHAR,VARCHAR,TIMESTAMP,TIMESTAMP,VARCHAR,VARCHAR,VARCHAR,VARCHAR,DOUBLE,DOUBLE,DOUBLE,DOUBLE,VARCHAR"
202403,202403-citibike-tripdata.zip,202403-citibike-tripdata_2.csv,1000000,1000000,0,"ride_id,rideable_type,started_at,ended_at,start_station_name,start_station_id,end_station_name,end_station_id,start_lat,start_lng,end_lat,end_lng,member_casual","VARCHAR,VARCHAR,TIMESTAMP,TIMESTAMP,VARCHAR,DOUBLE,VARCHAR,VARCHAR,DOUBLE,DOUBLE,DOUBLE,DOUBLE,VARCHAR"
202403,202403-citibike-tripdata.zip,202403-citibike-tripdata_3.csv,663295,663295,0,"ride_id,rideable_type,started_at,ended_at,start_station_name,start_station_id,end_station_name,end_station_id,start_lat,start_lng,end_lat,end_lng,member_casual","VARCHAR,VARCHAR,TIMESTAMP,TIMESTAMP,VARCHAR,VARCHAR,VARCHAR,VARCHAR,DOUBLE,DOUBLE,DOUBLE,DOUBLE,VARCHAR"
202404,202404-citibike-tripdata.zip,202404-citibike-tripdata_1.csv,1000000,1000000,0,"ride_id,rideable_type,started_at,ended_at,start_station_name,start_station_id,end_station_name,end_station_id,start_lat,start_lng,end_lat,end_lng,member_casual","VARCHAR,VARCHAR,TIMESTAMP,TIMESTAMP,VARCHAR,VARCHAR,VARCHAR,VARCHAR,DOUBLE,DOUBLE,DOUBLE,DOUBLE,VARCHAR"
202404,202404-citibike-tripdata.zip,202404-citibike-tripdata_2.csv,1000000,1000000,0,"ride_id,rideable_type,started_at,ended_at,start_station_name,start_station_id,end_station_name,end_station_id,start_lat,start_lng,end_lat,end_lng,member_casual","VARCHAR,VARCHAR,TIMESTAMP,TIMESTAMP,VARCHAR,VARCHAR,VARCHAR,VARCHAR,DOUBLE,DOUBLE,DOUBLE,DOUBLE,VARCHAR"
202404,202404-citibike-tripdata.zip,202404-citibike-tripdata_3.csv,1000000,1000000,0,"ride_id,rideable_type,started_at,ended_at,start_station_name,start_station_id,end_station_name,end_station_id,start_lat,start_lng,end_lat,end_lng,member_casual","VARCHAR,VARCHAR,TIMESTAMP,TIMESTAMP,VARCHAR,VARCHAR,VARCHAR,DOUBLE,DOUBLE,DOUBLE,DOUBLE,DOUBLE,VARCHAR"
202404,202404-citibike-tripdata.zip,202404-citibike-tripdata_4.csv,217063,217063,0,"ride_id,rideable_type,started_at,ended_at,start_station_name,start_station_id,end_station_name,end_station_id,start_lat,start_lng,end_lat,end_lng,member_casual","VARCHAR,VARCHAR,TIMESTAMP,TIMESTAMP,VARCHAR,VARCHAR,VARCHAR,VARCHAR,DOUBLE,DOUBLE,DOUBLE,DOUBLE,VARCHAR"
202405,202405-citibike-tripdata.zip,202405-citibike-tripdata_1.csv,1000000,1000000,0,"ride_id,rideable_type,started_at,ended_at,start_station_name,start_station_id,end_station_name,end_station_id,start_lat,start_lng,end_lat,end_lng,member_casual","VARCHAR,VARCHAR,TIMESTAMP,TIMESTAMP,VARCHAR,DOUBLE,VARCHAR,VARCHAR,DOUBLE,DOUBLE,DOUBLE,DOUBLE,VARCHAR"
202405,202405-citibike-tripdata.zip,202405-citibike-tripdata_2.csv,1000000,1000000,0,"ride_id,rideable_type,started_at,ended_at,start_station_name,start_station_id,end_station_name,end_station_id,start_lat,start_lng,end_lat,end_lng,member_casual","VARCHAR,VARCHAR,TIMESTAMP,TIMESTAMP,VARCHAR,VARCHAR,VARCHAR,VARCHAR,DOUBLE,DOUBLE,DOUBLE,DOUBLE,VARCHAR"
202405,202405-citibike-tripdata.zip,202405-citibike-tripdata_3.csv,1000000,1000000,0,"ride_id,rideable_type,started_at,ended_at,start_station_name,start_station_id,end_station_name,end_station_id,start_lat,start_lng,end_lat,end_lng,member_casual","VARCHAR,VARCHAR,TIMESTAMP,TIMESTAMP,VARCHAR,VARCHAR,VARCHAR,VARCHAR,DOUBLE,DOUBLE,DOUBLE,DOUBLE,VARCHAR"
202405,202405-citibike-tripdata.zip,202405-citibike-tripdata_4.csv,1000000,1000000,0,"ride_id,rideable_type,started_at,ended_at,start_station_name,start_station_id,end_station_name,end_station_id,start_lat,start_lng,end_lat,end_lng,member_casual","VARCHAR,VARCHAR,TIMESTAMP,TIMESTAMP,VARCHAR,VARCHAR,VARCHAR,VARCHAR,DOUBLE,DOUBLE,DOUBLE,DOUBLE,VARCHAR"
202405,202405-citibike-tripdata.zip,202405-citibike-tripdata_5.csv,133961,133961,0,"ride_id,rideable_type,started_at,ended_at,start_station_name,start_station_id,end_station_name,end_station_id,start_lat,start_lng,end_lat,end_lng,member_casual","VARCHAR,VARCHAR,TIMESTAMP,TIMESTAMP,VARCHAR,VARCHAR,VARCHAR,VARCHAR,DOUBLE,DOUBLE,DOUBLE,DOUBLE,VARCHAR"
202406,202406-citibike-tripdata.zip,202406-citibike-tripdata_1.csv,1000000,1000000,0,"ride_id,rideable_type,started_at,ended_at,start_station_name,start_station_id,end_station_name,end_station_id,start_lat,start_lng,end_lat,end_lng,member_casual","VARCHAR,VARCHAR,TIMESTAMP,TIMESTAMP,VARCHAR,VARCHAR,VARCHAR,VARCHAR,DOUBLE,DOUBLE,DOUBLE,DOUBLE,VARCHAR"
202406,202406-citibike-tripdata.zip,202406-citibike-tripdata_2.csv,1000000,1000000,0,"ride_id,rideable_type,started_at,ended_at,start_station_name,start_station_id,end_station_name,end_station_id,start_lat,start_lng,end_lat,end_lng,member_casual","VARCHAR,VARCHAR,TIMESTAMP,TIMESTAMP,VARCHAR,VARCHAR,VARCHAR,VARCHAR,DOUBLE,DOUBLE,DOUBLE,DOUBLE,VARCHAR"
202406,202406-citibike-tripdata.zip,202406-citibike-tripdata_3.csv,1000000,1000000,0,"ride_id,rideable_type,started_at,ended_at,start_station_name,start_station_id,end_station_name,end_station_id,start_lat,start_lng,end_lat,end_lng,member_casual","VARCHAR,VARCHAR,TIMESTAMP,TIMESTAMP,VARCHAR,VARCHAR,VARCHAR,VARCHAR,DOUBLE,DOUBLE,DOUBLE,DOUBLE,VARCHAR"
202406,202406-citibike-tripdata.zip,202406-citibike-tripdata_4.csv,1000000,1000000,0,"ride_id,rideable_type,started_at,ended_at,start_station_name,start_station_id,end_station_name,end_station_id,start_lat,start_lng,end_lat,end_lng,member_casual","VARCHAR,VARCHAR,TIMESTAMP,TIMESTAMP,VARCHAR,VARCHAR,VARCHAR,VARCHAR,DOUBLE,DOUBLE,DOUBLE,DOUBLE,VARCHAR"
202406,202406-citibike-tripdata.zip,202406-citibike-tripdata_5.csv,783576,783576,0,"ride_id,rideable_type,started_at,ended_at,start_station_name,start_station_id,end_station_name,end_station_id,start_lat,start_lng,end_lat,end_lng,member_casual","VARCHAR,VARCHAR,TIMESTAMP,TIMESTAMP,VARCHAR,VARCHAR,VARCHAR,DOUBLE,DOUBLE,DOUBLE,DOUBLE,DOUBLE,VARCHAR"
202407,202407-citibike-tripdata.zip,202407-citibike-tripdata_1.csv,1000000,1000000,0,"ride_id,rideable_type,started_at,ended_at,start_station_name,start_station_id,end_station_name,end_station_id,start_lat,start_lng,end_lat,end_lng,member_casual","VARCHAR,VARCHAR,TIMESTAMP,TIMESTAMP,VARCHAR,VARCHAR,VARCHAR,VARCHAR,DOUBLE,DOUBLE,DOUBLE,DOUBLE,VARCHAR"
202407,202407-citibike-tripdata.zip,202407-citibike-tripdata_2.csv,1000000,1000000,0,"ride_id,rideable_type,started_at,ended_at,start_station_name,start_station_id,end_station_name,end_station_id,start_lat,start_lng,end_lat,end_lng,member_casual","VARCHAR,VARCHAR,TIMESTAMP,TIMESTAMP,VARCHAR,VARCHAR,VARCHAR,VARCHAR,DOUBLE,DOUBLE,DOUBLE,DOUBLE,VARCHAR"
202407,202407-citibike-tripdata.zip,202407-citibike-tripdata_3.csv,1000000,1000000,0,"ride_id,rideable_type,started_at,ended_at,start_station_name,start_station_id,end_station_name,end_station_id,start_lat,start_lng,end_lat,end_lng,member_casual","VARCHAR,VARCHAR,TIMESTAMP,TIMESTAMP,VARCHAR,VARCHAR,VARCHAR,VARCHAR,DOUBLE,DOUBLE,DOUBLE,DOUBLE,VARCHAR"
202407,202407-citibike-tripdata.zip,202407-citibike-tripdata_4.csv,1000000,1000000,0,"ride_id,rideable_type,started_at,ended_at,start_station_name,start_station_id,end_station_name,end_station_id,start_lat,start_lng,end_lat,end_lng,member_casual","VARCHAR,VARCHAR,TIMESTAMP,TIMESTAMP,VARCHAR,VARCHAR,VARCHAR,VARCHAR,DOUBLE,DOUBLE,DOUBLE,DOUBLE,VARCHAR"
202407,202407-citibike-tripdata.zip,202407-citibike-tripdata_5.csv,722896,722896,0,"ride_id,rideable_type,started_at,ended_at,start_station_name,start_station_id,end_station_name,end_station_id,start_lat,start_lng,end_lat,end_lng,member_casual","VARCHAR,VARCHAR,TIMESTAMP,TIMESTAMP,VARCHAR,VARCHAR,VARCHAR,VARCHAR,DOUBLE,DOUBLE,DOUBLE,DOUBLE,VARCHAR"
202408,202408-citibike-tripdata.zip,202408-citibike-tripdata_1.csv,1000000,1000000,0,"ride_id,rideable_type,started_at,ended_at,start_station_name,start_station_id,end_station_name,end_station_id,start_lat,start_lng,end_lat,end_lng,member_casual","VARCHAR,VARCHAR,TIMESTAMP,TIMESTAMP,VARCHAR,VARCHAR,VARCHAR,VARCHAR,DOUBLE,DOUBLE,DOUBLE,DOUBLE,VARCHAR"
202408,202408-citibike-tripdata.zip,202408-citibike-tripdata_2.csv,1000000,1000000,0,"ride_id,rideable_type,started_at,ended_at,start_station_name,start_station_id,end_station_name,end_station_id,start_lat,start_lng,end_lat,end_lng,member_casual","VARCHAR,VARCHAR,TIMESTAMP,TIMESTAMP,VARCHAR,VARCHAR,VARCHAR,VARCHAR,DOUBLE,DOUBLE,DOUBLE,DOUBLE,VARCHAR"
202408,202408-citibike-tripdata.zip,202408-citibike-tripdata_3.csv,1000000,1000000,0,"ride_id,rideable_type,started_at,ended_at,start_station_name,start_station_id,end_station_name,end_station_id,start_lat,start_lng,end_lat,end_lng,member_casual","VARCHAR,VARCHAR,TIMESTAMP,TIMESTAMP,VARCHAR,VARCHAR,VARCHAR,VARCHAR,DOUBLE,DOUBLE,DOUBLE,DOUBLE,VARCHAR"
202408,202408-citibike-tripdata.zip,202408-citibike-tripdata_4.csv,1000000,1000000,0,"ride_id,rideable_type,started_at,ended_at,start_station_name,start_station_id,end_station_name,end_station_id,start_lat,start_lng,end_lat,end_lng,member_casual","VARCHAR,VARCHAR,TIMESTAMP,TIMESTAMP,VARCHAR,VARCHAR,VARCHAR,VARCHAR,DOUBLE,DOUBLE,DOUBLE,DOUBLE,VARCHAR"
202408,202408-citibike-tripdata.zip,202408-citibike-tripdata_5.csv,603575,603575,0,"ride_id,rideable_type,started_at,ended_at,start_station_name,start_station_id,end_station_name,end_station_id,start_lat,start_lng,end_lat,end_lng,member_casual","VARCHAR,VARCHAR,TIMESTAMP,TIMESTAMP,VARCHAR,VARCHAR,VARCHAR,VARCHAR,DOUBLE,DOUBLE,DOUBLE,DOUBLE,VARCHAR"
202409,202409-citibike-tripdata.zip,202409-citibike-tripdata_1.csv,1000000,1000000,0,"ride_id,rideable_type,started_at,ended_at,start_station_name,start_station_id,end_station_name,end_station_id,start_lat,start_lng,end_lat,end_lng,member_casual","VARCHAR,VARCHAR,TIMESTAMP,TIMESTAMP,VARCHAR,VARCHAR,VARCHAR,VARCHAR,DOUBLE,DOUBLE,DOUBLE,DOUBLE,VARCHAR"
202409,202409-citibike-tripdata.zip,202409-citibike-tripdata_2.csv,1000000,1000000,0,"ride_id,rideable_type,started_at,ended_at,start_station_name,start_station_id,end_station_name,end_station_id,start_lat,start_lng,end_lat,end_lng,member_casual","VARCHAR,VARCHAR,TIMESTAMP,TIMESTAMP,VARCHAR,VARCHAR,VARCHAR,VARCHAR,DOUBLE,DOUBLE,DOUBLE,DOUBLE,VARCHAR"
202409,202409-citibike-tripdata.zip,202409-citibike-tripdata_3.csv,1000000,1000000,0,"ride_id,rideable_type,started_at,ended_at,start_station_name,start_station_id,end_station_name,end_station_id,start_lat,start_lng,end_lat,end_lng,member_casual","VARCHAR,VARCHAR,TIMESTAMP,TIMESTAMP,VARCHAR,VARCHAR,VARCHAR,DOUBLE,DOUBLE,DOUBLE,DOUBLE,DOUBLE,VARCHAR"
202409,202409-citibike-tripdata.zip,202409-citibike-tripdata_4.csv,1000000,1000000,0,"ride_id,rideable_type,started_at,ended_at,start_station_name,start_station_id,end_station_name,end_station_id,start_lat,start_lng,end_lat,end_lng,member_casual","VARCHAR,VARCHAR,TIMESTAMP,TIMESTAMP,VARCHAR,VARCHAR,VARCHAR,VARCHAR,DOUBLE,DOUBLE,DOUBLE,DOUBLE,VARCHAR"
202409,202409-citibike-tripdata.zip,202409-citibike-tripdata_5.csv,997898,997898,0,"ride_id,rideable_type,started_at,ended_at,start_station_name,start_station_id,end_station_name,end_station_id,start_lat,start_lng,end_lat,end_lng,member_casual","VARCHAR,VARCHAR,TIMESTAMP,TIMESTAMP,VARCHAR,VARCHAR,VARCHAR,DOUBLE,DOUBLE,DOUBLE,DOUBLE,DOUBLE,VARCHAR"
202410,202410-citibike-tripdata.zip,202410-citibike-tripdata_1.csv,1000000,1000000,0,"ride_id,rideable_type,started_at,ended_at,start_station_name,start_station_id,end_station_name,end_station_id,start_lat,start_lng,end_lat,end_lng,member_casual","VARCHAR,VARCHAR,TIMESTAMP,TIMESTAMP,VARCHAR,VARCHAR,VARCHAR,VARCHAR,DOUBLE,DOUBLE,DOUBLE,DOUBLE,VARCHAR"
202410,202410-citibike-tripdata.zip,202410-citibike-tripdata_2.csv,1000000,1000000,0,"ride_id,rideable_type,started_at,ended_at,start_station_name,start_station_id,end_station_name,end_station_id,start_lat,start_lng,end_lat,end_lng,member_casual","VARCHAR,VARCHAR,TIMESTAMP,TIMESTAMP,VARCHAR,VARCHAR,VARCHAR,VARCHAR,DOUBLE,DOUBLE,DOUBLE,DOUBLE,VARCHAR"
202410,202410-citibike-tripdata.zip,202410-citibike-tripdata_3.csv,1000000,1000000,0,"ride_id,rideable_type,started_at,ended_at,start_station_name,start_station_id,end_station_name,end_station_id,start_lat,start_lng,end_lat,end_lng,member_casual","VARCHAR,VARCHAR,TIMESTAMP,TIMESTAMP,VARCHAR,VARCHAR,VARCHAR,VARCHAR,DOUBLE,DOUBLE,DOUBLE,DOUBLE,VARCHAR"
202410,202410-citibike-tripdata.zip,202410-citibike-tripdata_4.csv,1000000,1000000,0,"ride_id,rideable_type,started_at,ended_at,start_station_name,start_station_id,end_station_name,end_station_id,start_lat,start_lng,end_lat,end_lng,member_casual","VARCHAR,VARCHAR,TIMESTAMP,TIMESTAMP,VARCHAR,VARCHAR,VARCHAR,VARCHAR,DOUBLE,DOUBLE,DOUBLE,DOUBLE,VARCHAR"
202410,202410-citibike-tripdata.zip,202410-citibike-tripdata_5.csv,1000000,1000000,0,"ride_id,rideable_type,started_at,ended_at,start_station_name,start_station_id,end_station_name,end_station_id,start_lat,start_lng,end_lat,end_lng,member_casual","VARCHAR,VARCHAR,TIMESTAMP,TIMESTAMP,VARCHAR,VARCHAR,VARCHAR,VARCHAR,DOUBLE,DOUBLE,DOUBLE,DOUBLE,VARCHAR"
202410,202410-citibike-tripdata.zip,202410-citibike-tripdata_6.csv,150054,150054,0,"ride_id,rideable_type,started_at,ended_at,start_station_name,start_station_id,end_station_name,end_station_id,start_lat,start_lng,end_lat,end_lng,member_casual","VARCHAR,VARCHAR,TIMESTAMP,TIMESTAMP,VARCHAR,VARCHAR,VARCHAR,VARCHAR,DOUBLE,DOUBLE,DOUBLE,DOUBLE,VARCHAR"
202411,202411-citibike-tripdata.zip,202411-citibike-tripdata_1.csv,1000000,1000000,0,"ride_id,rideable_type,started_at,ended_at,start_station_name,start_station_id,end_station_name,end_station_id,start_lat,start_lng,end_lat,end_lng,member_casual","VARCHAR,VARCHAR,TIMESTAMP,TIMESTAMP,VARCHAR,VARCHAR,VARCHAR,VARCHAR,DOUBLE,DOUBLE,DOUBLE,DOUBLE,VARCHAR"
202411,202411-citibike-tripdata.zip,202411-citibike-tripdata_2.csv,1000000,1000000,0,"ride_id,rideable_type,started_at,ended_at,start_station_name,start_station_id,end_station_name,end_station_id,start_lat,start_lng,end_lat,end_lng,member_casual","VARCHAR,VARCHAR,TIMESTAMP,TIMESTAMP,VARCHAR,VARCHAR,VARCHAR,VARCHAR,DOUBLE,DOUBLE,DOUBLE,DOUBLE,VARCHAR"
202411,202411-citibike-tripdata.zip,202411-citibike-tripdata_3.csv,1000000,1000000,0,"ride_id,rideable_type,started_at,ended_at,start_station_name,start_station_id,end_station_name,end_station_id,start_lat,start_lng,end_lat,end_lng,member_casual","VARCHAR,VARCHAR,TIMESTAMP,TIMESTAMP,VARCHAR,VARCHAR,VARCHAR,VARCHAR,DOUBLE,DOUBLE,DOUBLE,DOUBLE,VARCHAR"
202411,202411-citibike-tripdata.zip,202411-citibike-tripdata_4.csv,710134,710134,0,"ride_id,rideable_type,started_at,ended_at,start_station_name,start_station_id,end_station_name,end_station_id,start_lat,start_lng,end_lat,end_lng,member_casual","VARCHAR,VARCHAR,TIMESTAMP,TIMESTAMP,VARCHAR,VARCHAR,VARCHAR,VARCHAR,DOUBLE,DOUBLE,DOUBLE,DOUBLE,VARCHAR"
202412,202412-citibike-tripdata.zip,202412-citibike-tripdata_1.csv,1000000,1000000,0,"ride_id,rideable_type,started_at,ended_at,start_station_name,start_station_id,end_station_name,end_station_id,start_lat,start_lng,end_lat,end_lng,member_casual","VARCHAR,VARCHAR,TIMESTAMP,TIMESTAMP,VARCHAR,VARCHAR,VARCHAR,VARCHAR,DOUBLE,DOUBLE,DOUBLE,DOUBLE,VARCHAR"
202412,202412-citibike-tripdata.zip,202412-citibike-tripdata_2.csv,1000000,1000000,0,"ride_id,rideable_type,started_at,ended_at,start_station_name,start_station_id,end_station_name,end_station_id,start_lat,start_lng,end_lat,end_lng,member_casual","VARCHAR,VARCHAR,TIMESTAMP,TIMESTAMP,VARCHAR,VARCHAR,VARCHAR,VARCHAR,DOUBLE,DOUBLE,DOUBLE,DOUBLE,VARCHAR"
202412,202412-citibike-tripdata.zip,202412-citibike-tripdata_3.csv,311171,311171,0,"ride_id,rideable_type,started_at,ended_at,start_station_name,start_station_id,end_station_name,end_station_id,start_lat,start_lng,end_lat,end_lng,member_casual","VARCHAR,VARCHAR,TIMESTAMP,TIMESTAMP,VARCHAR,VARCHAR,VARCHAR,VARCHAR,DOUBLE,DOUBLE,DOUBLE,DOUBLE,VARCHAR"
202501,202501-citibike-tripdata.zip,202501-citibike-tripdata_1.csv,1000000,1000000,0,"ride_id,rideable_type,started_at,ended_at,start_station_name,start_station_id,end_station_name,end_station_id,start_lat,start_lng,end_lat,end_lng,member_casual","VARCHAR,VARCHAR,TIMESTAMP,TIMESTAMP,VARCHAR,VARCHAR,VARCHAR,VARCHAR,DOUBLE,DOUBLE,DOUBLE,DOUBLE,VARCHAR"
202501,202501-citibike-tripdata.zip,202501-citibike-tripdata_2.csv,1000000,1000000,0,"ride_id,rideable_type,started_at,ended_at,start_station_name,start_station_id,end_station_name,end_station_id,start_lat,start_lng,end_lat,end_lng,member_casual","VARCHAR,VARCHAR,TIMESTAMP,TIMESTAMP,VARCHAR,VARCHAR,VARCHAR,VARCHAR,DOUBLE,DOUBLE,DOUBLE,DOUBLE,VARCHAR"
202501,202501-citibike-tripdata.zip,202501-citibike-tripdata_3.csv,124475,124475,0,"ride_id,rideable_type,started_at,ended_at,start_station_name,start_station_id,end_station_name,end_station_id,start_lat,start_lng,end_lat,end_lng,member_casual","VARCHAR,VARCHAR,TIMESTAMP,TIMESTAMP,VARCHAR,VARCHAR,VARCHAR,VARCHAR,DOUBLE,DOUBLE,DOUBLE,DOUBLE,VARCHAR"
202502,202502-citibike-tripdata.zip,202502-citibike-tripdata_1.csv,1000000,1000000,0,"ride_id,rideable_type,started_at,ended_at,start_station_name,start_station_id,end_station_name,end_station_id,start_lat,start_lng,end_lat,end_lng,member_casual","VARCHAR,VARCHAR,TIMESTAMP,TIMESTAMP,VARCHAR,VARCHAR,VARCHAR,VARCHAR,DOUBLE,DOUBLE,DOUBLE,DOUBLE,VARCHAR"
202502,202502-citibike-tripdata.zip,202502-citibike-tripdata_2.csv,1000000,1000000,0,"ride_id,rideable_type,started_at,ended_at,start_station_name,start_station_id,end_station_name,end_station_id,start_lat,start_lng,end_lat,end_lng,member_casual","VARCHAR,VARCHAR,TIMESTAMP,TIMESTAMP,VARCHAR,VARCHAR,VARCHAR,VARCHAR,DOUBLE,DOUBLE,DOUBLE,DOUBLE,VARCHAR"
202502,202502-citibike-tripdata.zip,202502-citibike-tripdata_3.csv,31257,31257,0,"ride_id,rideable_type,started_at,ended_at,start_station_name,start_station_id,end_station_name,end_station_id,start_lat,start_lng,end_lat,end_lng,member_casual","VARCHAR,VARCHAR,TIMESTAMP,TIMESTAMP,VARCHAR,VARCHAR,VARCHAR,DOUBLE,DOUBLE,DOUBLE,DOUBLE,DOUBLE,VARCHAR"
202503,202503-citibike-tripdata.zip,202503-citibike-tripdata_1.csv,1000000,1000000,0,"ride_id,rideable_type,started_at,ended_at,start_station_name,start_station_id,end_station_name,end_station_id,start_lat,start_lng,end_lat,end_lng,member_casual","VARCHAR,VARCHAR,TIMESTAMP,TIMESTAMP,VARCHAR,VARCHAR,VARCHAR,VARCHAR,DOUBLE,DOUBLE,DOUBLE,DOUBLE,VARCHAR"
202503,202503-citibike-tripdata.zip,202503-citibike-tripdata_2.csv,1000000,1000000,0,"ride_id,rideable_type,started_at,ended_at,start_station_name,start_station_id,end_station_name,end_station_id,start_lat,start_lng,end_lat,end_lng,member_casual","VARCHAR,VARCHAR,TIMESTAMP,TIMESTAMP,VARCHAR,VARCHAR,VARCHAR,VARCHAR,DOUBLE,DOUBLE,DOUBLE,DOUBLE,VARCHAR"
202503,202503-citibike-tripdata.zip,202503-citibike-tripdata_3.csv,1000000,1000000,0,"ride_id,rideable_type,started_at,ended_at,start_station_name,start_station_id,end_station_name,end_station_id,start_lat,start_lng,end_lat,end_lng,member_casual","VARCHAR,VARCHAR,TIMESTAMP,TIMESTAMP,VARCHAR,VARCHAR,VARCHAR,VARCHAR,DOUBLE,DOUBLE,DOUBLE,DOUBLE,VARCHAR"
202503,202503-citibike-tripdata.zip,202503-citibike-tripdata_4.csv,168271,168271,0,"ride_id,rideable_type,started_at,ended_at,start_station_name,start_station_id,end_station_name,end_station_id,start_lat,start_lng,end_lat,end_lng,member_casual","VARCHAR,VARCHAR,TIMESTAMP,TIMESTAMP,VARCHAR,VARCHAR,VARCHAR,VARCHAR,DOUBLE,DOUBLE,DOUBLE,DOUBLE,VARCHAR"
202504,202504-citibike-tripdata.zip,202504-citibike-tripdata_1.csv,1000000,1000000,0,"ride_id,rideable_type,started_at,ended_at,start_station_name,start_station_id,end_station_name,end_station_id,start_lat,start_lng,end_lat,end_lng,member_casual","VARCHAR,VARCHAR,TIMESTAMP,TIMESTAMP,VARCHAR,VARCHAR,VARCHAR,VARCHAR,DOUBLE,DOUBLE,DOUBLE,DOUBLE,VARCHAR"
202504,202504-citibike-tripdata.zip,202504-citibike-tripdata_2.csv,1000000,1000000,0,"ride_id,rideable_type,started_at,ended_at,start_station_name,start_station_id,end_station_name,end_station_id,start_lat,start_lng,end_lat,end_lng,member_casual","VARCHAR,VARCHAR,TIMESTAMP,TIMESTAMP,VARCHAR,VARCHAR,VARCHAR,DOUBLE,DOUBLE,DOUBLE,DOUBLE,DOUBLE,VARCHAR"
202504,202504-citibike-tripdata.zip,202504-citibike-tripdata_3.csv,1000000,1000000,0,"ride_id,rideable_type,started_at,ended_at,start_station_name,start_station_id,end_station_name,end_station_id,start_lat,start_lng,end_lat,end_lng,member_casual","VARCHAR,VARCHAR,TIMESTAMP,TIMESTAMP,VARCHAR,VARCHAR,VARCHAR,VARCHAR,DOUBLE,DOUBLE,DOUBLE,DOUBLE,VARCHAR"
202504,202504-citibike-tripdata.zip,202504-citibike-tripdata_4.csv,724596,724596,0,"ride_id,rideable_type,started_at,ended_at,start_station_name,start_station_id,end_station_name,end_station_id,start_lat,start_lng,end_lat,end_lng,member_casual","VARCHAR,VARCHAR,TIMESTAMP,TIMESTAMP,VARCHAR,VARCHAR,VARCHAR,VARCHAR,DOUBLE,DOUBLE,DOUBLE,DOUBLE,VARCHAR"
202505,202505-citibike-tripdata.zip,202505-citibike-tripdata_1.csv,1000000,1000000,0,"ride_id,rideable_type,started_at,ended_at,start_station_name,start_station_id,end_station_name,end_station_id,start_lat,start_lng,end_lat,end_lng,member_casual","VARCHAR,VARCHAR,TIMESTAMP,TIMESTAMP,VARCHAR,VARCHAR,VARCHAR,VARCHAR,DOUBLE,DOUBLE,DOUBLE,DOUBLE,VARCHAR"
202505,202505-citibike-tripdata.zip,202505-citibike-tripdata_2.csv,1000000,1000000,0,"ride_id,rideable_type,started_at,ended_at,start_station_name,start_station_id,end_station_name,end_station_id,start_lat,start_lng,end_lat,end_lng,member_casual","VARCHAR,VARCHAR,TIMESTAMP,TIMESTAMP,VARCHAR,VARCHAR,VARCHAR,VARCHAR,DOUBLE,DOUBLE,DOUBLE,DOUBLE,VARCHAR"
202505,202505-citibike-tripdata.zip,202505-citibike-tripdata_3.csv,1000000,1000000,0,"ride_id,rideable_type,started_at,ended_at,start_station_name,start_station_id,end_station_name,end_station_id,start_lat,start_lng,end_lat,end_lng,member_casual","VARCHAR,VARCHAR,TIMESTAMP,TIMESTAMP,VARCHAR,VARCHAR,VARCHAR,VARCHAR,DOUBLE,DOUBLE,DOUBLE,DOUBLE,VARCHAR"
202505,202505-citibike-tripdata.zip,202505-citibike-tripdata_4.csv,1000000,1000000,0,"ride_id,rideable_type,started_at,ended_at,start_station_name,start_station_id,end_station_name,end_station_id,start_lat,start_lng,end_lat,end_lng,member_casual","VARCHAR,VARCHAR,TIMESTAMP,TIMESTAMP,VARCHAR,VARCHAR,VARCHAR,VARCHAR,DOUBLE,DOUBLE,DOUBLE,DOUBLE,VARCHAR"
202505,202505-citibike-tripdata.zip,202505-citibike-tripdata_5.csv,325553,325553,0,"ride_id,rideable_type,started_at,ended_at,start_station_name,start_station_id,end_station_name,end_station_id,start_lat,start_lng,end_lat,end_lng,member_casual","VARCHAR,VARCHAR,TIMESTAMP,TIMESTAMP,VARCHAR,VARCHAR,VARCHAR,VARCHAR,DOUBLE,DOUBLE,DOUBLE,DOUBLE,VARCHAR"
202506,202506-citibike-tripdata.zip,202506-citibike-tripdata_1.csv,1000000,1000000,0,"ride_id,rideable_type,started_at,ended_at,start_station_name,start_station_id,end_station_name,end_station_id,start_lat,start_lng,end_lat,end_lng,member_casual","VARCHAR,VARCHAR,TIMESTAMP,TIMESTAMP,VARCHAR,VARCHAR,VARCHAR,VARCHAR,DOUBLE,DOUBLE,DOUBLE,DOUBLE,VARCHAR"
202506,202506-citibike-tripdata.zip,202506-citibike-tripdata_2.csv,1000000,1000000,0,"ride_id,rideable_type,started_at,ended_at,start_station_name,start_station_id,end_station_name,end_station_id,start_lat,start_lng,end_lat,end_lng,member_casual","VARCHAR,VARCHAR,TIMESTAMP,TIMESTAMP,VARCHAR,VARCHAR,VARCHAR,VARCHAR,DOUBLE,DOUBLE,DOUBLE,DOUBLE,VARCHAR"
202506,202506-citibike-tripdata.zip,202506-citibike-tripdata_3.csv,1000000,1000000,0,"ride_id,rideable_type,started_at,ended_at,start_station_name,start_station_id,end_station_name,end_station_id,start_lat,start_lng,end_lat,end_lng,member_casual","VARCHAR,VARCHAR,TIMESTAMP,TIMESTAMP,VARCHAR,VARCHAR,VARCHAR,VARCHAR,DOUBLE,DOUBLE,DOUBLE,DOUBLE,VARCHAR"
202506,202506-citibike-tripdata.zip,202506-citibike-tripdata_4.csv,1000000,1000000,0,"ride_id,rideable_type,started_at,ended_at,start_station_name,start_station_id,end_station_name,end_station_id,start_lat,start_lng,end_lat,end_lng,member_casual","VARCHAR,VARCHAR,TIMESTAMP,TIMESTAMP,VARCHAR,VARCHAR,VARCHAR,VARCHAR,DOUBLE,DOUBLE,DOUBLE,DOUBLE,VARCHAR"
202506,202506-citibike-tripdata.zip,202506-citibike-tripdata_5.csv,759345,759345,0,"ride_id,rideable_type,started_at,ended_at,start_station_name,start_station_id,end_station_name,end_station_id,start_lat,start_lng,end_lat,end_lng,member_casual","VARCHAR,VARCHAR,TIMESTAMP,TIMESTAMP,VARCHAR,VARCHAR,VARCHAR,DOUBLE,DOUBLE,DOUBLE,DOUBLE,DOUBLE,VARCHAR"
202507,202507-citibike-tripdata.zip,202507-citibike-tripdata_1.csv,1000000,1000000,0,"ride_id,rideable_type,started_at,ended_at,start_station_name,start_station_id,end_station_name,end_station_id,start_lat,start_lng,end_lat,end_lng,member_casual","VARCHAR,VARCHAR,TIMESTAMP,TIMESTAMP,VARCHAR,VARCHAR,VARCHAR,VARCHAR,DOUBLE,DOUBLE,DOUBLE,DOUBLE,VARCHAR"
202507,202507-citibike-tripdata.zip,202507-citibike-tripdata_2.csv,1000000,1000000,0,"ride_id,rideable_type,started_at,ended_at,start_station_name,start_station_id,end_station_name,end_station_id,start_lat,start_lng,end_lat,end_lng,member_casual","VARCHAR,VARCHAR,TIMESTAMP,TIMESTAMP,VARCHAR,VARCHAR,VARCHAR,VARCHAR,DOUBLE,DOUBLE,DOUBLE,DOUBLE,VARCHAR"
202507,202507-citibike-tripdata.zip,202507-citibike-tripdata_3.csv,1000000,1000000,0,"ride_id,rideable_type,started_at,ended_at,start_station_name,start_station_id,end_station_name,end_station_id,start_lat,start_lng,end_lat,end_lng,member_casual","VARCHAR,VARCHAR,TIMESTAMP,TIMESTAMP,VARCHAR,VARCHAR,VARCHAR,VARCHAR,DOUBLE,DOUBLE,DOUBLE,DOUBLE,VARCHAR"
202507,202507-citibike-tripdata.zip,202507-citibike-tripdata_4.csv,1000000,1000000,0,"ride_id,rideable_type,started_at,ended_at,start_station_name,start_station_id,end_station_name,end_station_id,start_lat,start_lng,end_lat,end_lng,member_casual","VARCHAR,VARCHAR,TIMESTAMP,TIMESTAMP,VARCHAR,VARCHAR,VARCHAR,VARCHAR,DOUBLE,DOUBLE,DOUBLE,DOUBLE,VARCHAR"
202507,202507-citibike-tripdata.zip,202507-citibike-tripdata_5.csv,988053,988053,0,"ride_id,rideable_type,started_at,ended_at,start_station_name,start_station_id,end_station_name,end_station_id,start_lat,start_lng,end_lat,end_lng,member_casual","VARCHAR,VARCHAR,TIMESTAMP,TIMESTAMP,VARCHAR,VARCHAR,VARCHAR,VARCHAR,DOUBLE,DOUBLE,DOUBLE,DOUBLE,VARCHAR"
202508,202508-citibike-tripdata.zip,202508-citibike-tripdata_1.csv,1000000,1000000,0,"ride_id,rideable_type,started_at,ended_at,start_station_name,start_station_id,end_station_name,end_station_id,start_lat,start_lng,end_lat,end_lng,member_casual","VARCHAR,VARCHAR,TIMESTAMP,TIMESTAMP,VARCHAR,VARCHAR,VARCHAR,VARCHAR,DOUBLE,DOUBLE,DOUBLE,DOUBLE,VARCHAR"
202508,202508-citibike-tripdata.zip,202508-citibike-tripdata_2.csv,1000000,1000000,0,"ride_id,rideable_type,started_at,ended_at,start_station_name,start_station_id,end_station_name,end_station_id,start_lat,start_lng,end_lat,end_lng,member_casual","VARCHAR,VARCHAR,TIMESTAMP,TIMESTAMP,VARCHAR,VARCHAR,VARCHAR,VARCHAR,DOUBLE,DOUBLE,DOUBLE,DOUBLE,VARCHAR"
202508,202508-citibike-tripdata.zip,202508-citibike-tripdata_3.csv,1000000,1000000,0,"ride_id,rideable_type,started_at,ended_at,start_station_name,start_station_id,end_station_name,end_station_id,start_lat,start_lng,end_lat,end_lng,member_casual","VARCHAR,VARCHAR,TIMESTAMP,TIMESTAMP,VARCHAR,VARCHAR,VARCHAR,VARCHAR,DOUBLE,DOUBLE,DOUBLE,DOUBLE,VARCHAR"
202508,202508-citibike-tripdata.zip,202508-citibike-tripdata_4.csv,1000000,1000000,0,"ride_id,rideable_type,started_at,ended_at,start_station_name,start_station_id,end_station_name,end_station_id,start_lat,start_lng,end_lat,end_lng,member_casual","VARCHAR,VARCHAR,TIMESTAMP,TIMESTAMP,VARCHAR,VARCHAR,VARCHAR,VARCHAR,DOUBLE,DOUBLE,DOUBLE,DOUBLE,VARCHAR"
202508,202508-citibike-tripdata.zip,202508-citibike-tripdata_5.csv,1000000,1000000,0,"ride_id,rideable_type,started_at,ended_at,start_station_name,start_station_id,end_station_name,end_station_id,start_lat,start_lng,end_lat,end_lng,member_casual","VARCHAR,VARCHAR,TIMESTAMP,TIMESTAMP,VARCHAR,VARCHAR,VARCHAR,VARCHAR,DOUBLE,DOUBLE,DOUBLE,DOUBLE,VARCHAR"
202508,202508-citibike-tripdata.zip,202508-citibike-tripdata_6.csv,121533,121533,0,"ride_id,rideable_type,started_at,ended_at,start_station_name,start_station_id,end_station_name,end_station_id,start_lat,start_lng,end_lat,end_lng,member_casual","VARCHAR,VARCHAR,TIMESTAMP,TIMESTAMP,VARCHAR,VARCHAR,VARCHAR,VARCHAR,DOUBLE,DOUBLE,DOUBLE,DOUBLE,VARCHAR"
202509,202509-citibike-tripdata.zip,202509-citibike-tripdata_1.csv,1000000,1000000,0,"ride_id,rideable_type,started_at,ended_at,start_station_name,start_station_id,end_station_name,end_station_id,start_lat,start_lng,end_lat,end_lng,member_casual","VARCHAR,VARCHAR,TIMESTAMP,TIMESTAMP,VARCHAR,VARCHAR,VARCHAR,VARCHAR,DOUBLE,DOUBLE,DOUBLE,DOUBLE,VARCHAR"
202509,202509-citibike-tripdata.zip,202509-citibike-tripdata_2.csv,1000000,1000000,0,"ride_id,rideable_type,started_at,ended_at,start_station_name,start_station_id,end_station_name,end_station_id,start_lat,start_lng,end_lat,end_lng,member_casual","VARCHAR,VARCHAR,TIMESTAMP,TIMESTAMP,VARCHAR,VARCHAR,VARCHAR,VARCHAR,DOUBLE,DOUBLE,DOUBLE,DOUBLE,VARCHAR"
202509,202509-citibike-tripdata.zip,202509-citibike-tripdata_3.csv,1000000,1000000,0,"ride_id,rideable_type,started_at,ended_at,start_station_name,start_station_id,end_station_name,end_station_id,start_lat,start_lng,end_lat,end_lng,member_casual","VARCHAR,VARCHAR,TIMESTAMP,TIMESTAMP,VARCHAR,VARCHAR,VARCHAR,VARCHAR,DOUBLE,DOUBLE,DOUBLE,DOUBLE,VARCHAR"
202509,202509-citibike-tripdata.zip,202509-citibike-tripdata_4.csv,1000000,1000000,0,"ride_id,rideable_type,started_at,ended_at,start_station_name,start_station_id,end_station_name,end_station_id,start_lat,start_lng,end_lat,end_lng,member_casual","VARCHAR,VARCHAR,TIMESTAMP,TIMESTAMP,VARCHAR,VARCHAR,VARCHAR,VARCHAR,DOUBLE,DOUBLE,DOUBLE,DOUBLE,VARCHAR"
202509,202509-citibike-tripdata.zip,202509-citibike-tripdata_5.csv,1000000,1000000,0,"ride_id,rideable_type,started_at,ended_at,start_station_name,start_station_id,end_station_name,end_station_id,start_lat,start_lng,end_lat,end_lng,member_casual","VARCHAR,VARCHAR,TIMESTAMP,TIMESTAMP,VARCHAR,VARCHAR,VARCHAR,DOUBLE,DOUBLE,DOUBLE,DOUBLE,DOUBLE,VARCHAR"
202509,202509-citibike-tripdata.zip,202509-citibike-tripdata_6.csv,287447,287447,0,"ride_id,rideable_type,started_at,ended_at,start_station_name,start_station_id,end_station_name,end_station_id,start_lat,start_lng,end_lat,end_lng,member_casual","VARCHAR,VARCHAR,TIMESTAMP,TIMESTAMP,VARCHAR,VARCHAR,VARCHAR,VARCHAR,DOUBLE,DOUBLE,DOUBLE,DOUBLE,VARCHAR"
202510,202510-citibike-tripdata.zip,202510-citibike-tripdata_1.csv,1000000,1000000,0,"ride_id,rideable_type,started_at,ended_at,start_station_name,start_station_id,end_station_name,end_station_id,start_lat,start_lng,end_lat,end_lng,member_casual","VARCHAR,VARCHAR,TIMESTAMP,TIMESTAMP,VARCHAR,VARCHAR,VARCHAR,VARCHAR,DOUBLE,DOUBLE,DOUBLE,DOUBLE,VARCHAR"
202510,202510-citibike-tripdata.zip,202510-citibike-tripdata_2.csv,1000000,1000000,0,"ride_id,rideable_type,started_at,ended_at,start_station_name,start_station_id,end_station_name,end_station_id,start_lat,start_lng,end_lat,end_lng,member_casual","VARCHAR,VARCHAR,TIMESTAMP,TIMESTAMP,VARCHAR,VARCHAR,VARCHAR,VARCHAR,DOUBLE,DOUBLE,DOUBLE,DOUBLE,VARCHAR"
202510,202510-citibike-tripdata.zip,202510-citibike-tripdata_3.csv,1000000,1000000,0,"ride_id,rideable_type,started_at,ended_at,start_station_name,start_station_id,end_station_name,end_station_id,start_lat,start_lng,end_lat,end_lng,member_casual","VARCHAR,VARCHAR,TIMESTAMP,TIMESTAMP,VARCHAR,VARCHAR,VARCHAR,VARCHAR,DOUBLE,DOUBLE,DOUBLE,DOUBLE,VARCHAR"
202510,202510-citibike-tripdata.zip,202510-citibike-tripdata_4.csv,1000000,1000000,0,"ride_id,rideable_type,started_at,ended_at,start_station_name,start_station_id,end_station_name,end_station_id,start_lat,start_lng,end_lat,end_lng,member_casual","VARCHAR,VARCHAR,TIMESTAMP,TIMESTAMP,VARCHAR,VARCHAR,VARCHAR,VARCHAR,DOUBLE,DOUBLE,DOUBLE,DOUBLE,VARCHAR"
202510,202510-citibike-tripdata.zip,202510-citibike-tripdata_5.csv,731900,731900,0,"ride_id,rideable_type,started_at,ended_at,start_station_name,start_station_id,end_station_name,end_station_id,start_lat,start_lng,end_lat,end_lng,member_casual","VARCHAR,VARCHAR,TIMESTAMP,TIMESTAMP,VARCHAR,VARCHAR,VARCHAR,VARCHAR,DOUBLE,DOUBLE,DOUBLE,DOUBLE,VARCHAR"
202511,202511-citibike-tripdata.zip,202511-citibike-tripdata_1.csv,1000000,1000000,0,"ride_id,rideable_type,started_at,ended_at,start_station_name,start_station_id,end_station_name,end_station_id,start_lat,start_lng,end_lat,end_lng,member_casual","VARCHAR,VARCHAR,TIMESTAMP,TIMESTAMP,VARCHAR,VARCHAR,VARCHAR,VARCHAR,DOUBLE,DOUBLE,DOUBLE,DOUBLE,VARCHAR"
202511,202511-citibike-tripdata.zip,202511-citibike-tripdata_2.csv,1000000,1000000,0,"ride_id,rideable_type,started_at,ended_at,start_station_name,start_station_id,end_station_name,end_station_id,start_lat,start_lng,end_lat,end_lng,member_casual","VARCHAR,VARCHAR,TIMESTAMP,TIMESTAMP,VARCHAR,VARCHAR,VARCHAR,VARCHAR,DOUBLE,DOUBLE,DOUBLE,DOUBLE,VARCHAR"
202511,202511-citibike-tripdata.zip,202511-citibike-tripdata_3.csv,1000000,1000000,0,"ride_id,rideable_type,started_at,ended_at,start_station_name,start_station_id,end_station_name,end_station_id,start_lat,start_lng,end_lat,end_lng,member_casual","VARCHAR,VARCHAR,TIMESTAMP,TIMESTAMP,VARCHAR,VARCHAR,VARCHAR,VARCHAR,DOUBLE,DOUBLE,DOUBLE,DOUBLE,VARCHAR"
202511,202511-citibike-tripdata.zip,202511-citibike-tripdata_4.csv,417052,417052,0,"ride_id,rideable_type,started_at,ended_at,start_station_name,start_station_id,end_station_name,end_station_id,start_lat,start_lng,end_lat,end_lng,member_casual","VARCHAR,VARCHAR,TIMESTAMP,TIMESTAMP,VARCHAR,VARCHAR,VARCHAR,VARCHAR,DOUBLE,DOUBLE,DOUBLE,DOUBLE,VARCHAR"
202512,202512-citibike-tripdata.zip,202512-citibike-tripdata_1.csv,1000000,1000000,0,"ride_id,rideable_type,started_at,ended_at,start_station_name,start_station_id,end_station_name,end_station_id,start_lat,start_lng,end_lat,end_lng,member_casual","VARCHAR,VARCHAR,TIMESTAMP,TIMESTAMP,VARCHAR,VARCHAR,VARCHAR,VARCHAR,DOUBLE,DOUBLE,DOUBLE,DOUBLE,VARCHAR"
202512,202512-citibike-tripdata.zip,202512-citibike-tripdata_2.csv,1000000,1000000,0,"ride_id,rideable_type,started_at,ended_at,start_station_name,start_station_id,end_station_name,end_station_id,start_lat,start_lng,end_lat,end_lng,member_casual","VARCHAR,VARCHAR,TIMESTAMP,TIMESTAMP,VARCHAR,VARCHAR,VARCHAR,VARCHAR,DOUBLE,DOUBLE,DOUBLE,DOUBLE,VARCHAR"
202512,202512-citibike-tripdata.zip,202512-citibike-tripdata_3.csv,91620,91620,0,"ride_id,rideable_type,started_at,ended_at,start_station_name,start_station_id,end_station_name,end_station_id,start_lat,start_lng,end_lat,end_lng,member_casual","VARCHAR,VARCHAR,TIMESTAMP,TIMESTAMP,VARCHAR,VARCHAR,VARCHAR,VARCHAR,DOUBLE,DOUBLE,DOUBLE,DOUBLE,VARCHAR"
202601,202601-citibike-tripdata.zip,202601-citibike-tripdata_1.csv,1000000,255,0,"ride_id,rideable_type,started_at,ended_at,start_station_name,start_station_id,end_station_name,end_station_id,start_lat,start_lng,end_lat,end_lng,member_casual","VARCHAR,VARCHAR,TIMESTAMP,TIMESTAMP,VARCHAR,VARCHAR,VARCHAR,VARCHAR,DOUBLE,DOUBLE,DOUBLE,DOUBLE,VARCHAR"
202601,202601-citibike-tripdata.zip,202601-citibike-tripdata_2.csv,816391,11,0,"ride_id,rideable_type,started_at,ended_at,start_station_name,start_station_id,end_station_name,end_station_id,start_lat,start_lng,end_lat,end_lng,member_casual","VARCHAR,VARCHAR,TIMESTAMP,TIMESTAMP,VARCHAR,VARCHAR,VARCHAR,VARCHAR,DOUBLE,DOUBLE,DOUBLE,DOUBLE,VARCHAR"
