is_weekend,hour,member_casual,trips,trips_per_day
False,0,casual,173902,332.50860420650093
False,0,member,520394,995.0172084130019
False,1,casual,99438,190.13001912045888
False,1,member,265584,507.8087954110899
False,2,casual,59983,114.69024856596559
False,2,member,158717,303.47418738049714
False,3,casual,38222,73.08221797323135
False,3,member,106120,202.90630975143404
False,4,casual,38037,72.72848948374761
False,4,member,141407,270.376673040153
False,5,casual,69199,132.3116634799235
False,5,member,483653,924.7667304015297
False,6,casual,157786,301.6940726577438
False,6,member,1422900,2720.6500956022946
False,7,casual,310297,593.302103250478
False,7,member,2988307,5713.780114722754
False,8,casual,455072,870.1185468451242
False,8,member,4557617,8714.372848948375
False,9,casual,421722,806.3518164435947
False,9,member,3296284,6302.646271510516
False,10,casual,412031,787.8221797323135
False,10,member,2272308,4344.757170172084
False,11,casual,479622,917.0592734225621
False,11,member,2237793,4278.762906309751
False,12,casual,550103,1051.8221797323135
False,12,member,2504011,4787.783938814531
False,13,casual,602563,1152.1281070745697
False,13,member,2653141,5072.927342256214
False,14,casual,687577,1314.678776290631
False,14,member,2948679,5638.009560229446
False,15,casual,769383,1471.0956022944551
False,15,member,3358918,6422.40535372849
False,16,casual,825360,1578.1261950286807
False,16,member,4030209,7705.944550669216
False,17,casual,985301,1883.9407265774378
False,17,member,5579500,10668.260038240918
False,18,casual,951630,1819.5602294455066
False,18,member,5170587,9886.399617590821
False,19,casual,751651,1437.19120458891
False,19,member,3764678,7198.237093690249
False,20,casual,553279,1057.8948374760994
False,20,member,2666658,5098.772466539197
False,21,casual,438951,839.2944550669216
False,21,member,1979735,3785.3441682600383
False,22,casual,392281,750.0592734225621
False,22,member,1558625,2980.1625239005734
False,23,casual,313629,599.6730401529637
False,23,member,1077061,2059.390057361377
True,0,casual,157241,755.9663461538462
True,0,member,412896,1985.076923076923
True,1,casual,115969,557.5432692307693
True,1,member,282497,1358.1586538461538
True,2,casual,82159,394.9951923076923
True,2,member,187857,903.1586538461538
True,3,casual,55014,264.49038461538464
True,3,member,123796,595.1730769230769
True,4,casual,36703,176.45673076923077
True,4,member,83102,399.52884615384613
True,5,casual,24408,117.34615384615384
True,5,member,74163,356.55288461538464
True,6,casual,38012,182.75
True,6,member,156114,750.5480769230769
True,7,casual,67542,324.72115384615387
True,7,member,294071,1413.8028846153845
True,8,casual,115900,557.2115384615385
True,8,member,504508,2425.519230769231
True,9,casual,200302,962.9903846153846
True,9,member,783862,3768.5673076923076
True,10,casual,297695,1431.2259615384614
True,10,member,1019567,4901.764423076923
True,11,casual,386617,1858.735576923077
True,11,member,1198788,5763.403846153846
True,12,casual,457174,2197.951923076923
True,12,member,1314152,6318.038461538462
True,13,casual,492788,2369.173076923077
True,13,member,1350735,6493.9182692307695
True,14,casual,512487,2463.8798076923076
True,14,member,1363557,6555.5625
True,15,casual,512008,2461.576923076923
True,15,member,1365769,6566.197115384615
True,16,casual,487115,2341.8990384615386
True,16,member,1338204,6433.673076923077
True,17,casual,445717,2142.8701923076924
True,17,member,1287003,6187.514423076923
True,18,casual,401561,1930.5817307692307
True,18,member,1222933,5879.485576923077
True,19,casual,332258,1597.3942307692307
True,19,member,1029002,4947.125
True,20,casual,246656,1185.8461538461538
True,20,member,781764,3758.480769230769
True,21,casual,194773,936.4086538461538
True,21,member,615082,2957.125
True,22,casual,172066,827.2403846153846
True,22,member,519679,2498.456730769231
True,23,casual,149459,718.5528846153846
True,23,member,416929,2004.4663461538462
