ym,trips,member,casual,electric,classic,no_end_station,round_trips,member_share,electric_share,active_stations,month_start
202401,1885994,1678336,207658,1213008,672986,4364,36928,0.8898946656245991,0.6431664151635689,2125,2024-01-01
202402,2118819,1866391,252428,1365880,752939,3001,38385,0.8808638208360412,0.644642133188347,2120,2024-02-01
202403,2659528,2237220,422308,1721638,937890,3609,60063,0.8412094176109445,0.6473471984502513,2126,2024-03-01
202404,3213213,2617470,595743,2104781,1108432,4615,78475,0.8145958577909401,0.6550393640259765,2121,2024-04-01
202405,4131849,3276037,855812,2689110,1442739,7420,102098,0.7928743281760781,0.6508248486331422,2122,2024-05-01
202406,4779141,3665128,1114013,3102995,1676146,11701,124525,0.7669009974805095,0.6492788139123746,2137,2024-06-01
202407,4717994,3629134,1088860,3110822,1607172,11405,122669,0.7692112368095424,0.6593526825171885,2131,2024-07-01
202408,4598875,3533283,1065592,3055735,1543140,11606,119895,0.768292897719551,0.6644527194150743,2132,2024-08-01
202409,4990674,3950243,1040431,3315293,1675381,10875,107022,0.7915249523411066,0.6642976479729993,2135,2024-09-01
202410,5144418,4157843,986575,3440040,1704378,11997,101352,0.8082241761847502,0.6686937181232163,2133,2024-10-01
202411,3705357,3085595,619762,2527036,1178321,9883,67404,0.8327389236718621,0.6819952841251193,2134,2024-11-01
202412,2309126,2016871,292255,1611605,697521,6726,40289,0.8734347974081969,0.6979285669123296,2135,2024-12-01
202501,2123375,1921782,201593,1492754,630621,3944,30599,0.9050601047860128,0.7030100665214576,2146,2025-01-01
202502,2030081,1837480,192601,1415812,614269,4328,27399,0.9051264456935462,0.6974165070260744,2141,2025-02-01
202503,3165775,2718746,447029,2229634,936141,7770,54726,0.8587931865025151,0.7042932615236396,2146,2025-03-01
202504,3722060,3107266,614794,2583653,1138407,8785,75974,0.8348242639828483,0.6941459836757065,2146,2025-04-01
202505,4322075,3481510,840565,3006105,1315970,11523,92662,0.805518182817281,0.6955235621778891,2144,2025-05-01
202506,4754916,3804409,950507,3376970,1377946,15585,106127,0.8001001489826529,0.7102060267731333,2149,2025-06-01
202507,4982072,3928849,1053223,3526500,1455572,18526,115456,0.7885973948188625,0.7078380240189223,2149,2025-07-01
202508,5118209,3965025,1153184,3580205,1538004,11652,125898,0.7746899354832911,0.6995034786582572,2136,2025-08-01
202509,5283438,4283105,1000333,3699834,1583604,11638,103830,0.8106662744977796,0.7002701649948386,2140,2025-09-01
202510,4727838,3928726,799112,3334811,1393027,11877,84393,0.8309772881388914,0.7053564441082795,2161,2025-10-01
202511,3412969,2907407,505562,2456187,956782,7592,57273,0.8518703217052367,0.7196628507320166,2181,2025-11-01
202512,2089763,1871060,218703,1517588,572175,4868,33099,0.8953455487536146,0.7262010093967594,2183,2025-12-01
