group,term,coef,ci_low,ci_high,p_value
member,Intercept,9.902670362792088,9.592834720560596,10.212506005023581,0.0
member,C(weekday)[T.Monday],-0.06951736974709447,-0.11454590161145584,-0.024488837882733087,0.002478996185169627
member,C(weekday)[T.Saturday],-0.1813469558712551,-0.22762531627781518,-0.13506859546469502,1.586679858839437e-14
member,C(weekday)[T.Sunday],-0.28651284130838073,-0.3279585415396666,-0.24506714107709487,8.01307482890675e-42
member,C(weekday)[T.Thursday],0.018120533893300872,-0.022064847496206894,0.05830591528280864,0.3768074950710011
member,C(weekday)[T.Tuesday],0.01933053530046719,-0.021880479382988163,0.06054154998392254,0.357914986314566
member,C(weekday)[T.Wednesday],0.029504569927752133,-0.018167288874504493,0.07717642873000877,0.2251143446178857
member,C(month)[T.2],0.02438413424045366,-0.08877096456276007,0.13753923304366739,0.6727633184916373
member,C(month)[T.3],0.016973989006217938,-0.1230330433034291,0.15698102131586497,0.8121761909714174
member,C(month)[T.4],0.09931353026594447,-0.05115572529880347,0.2497827858306924,0.19579463420905507
member,C(month)[T.5],0.1490961521232399,0.012425909302897054,0.28576639494358275,0.032503615937478206
member,C(month)[T.6],0.2065476726262343,0.0603796173838648,0.35271572786860383,0.005612640581576394
member,C(month)[T.7],0.1350026457796698,-0.01941886797296996,0.2894241595323096,0.0866217126030314
member,C(month)[T.8],0.15215420230100563,0.006391899178635196,0.29791650542337605,0.040765089232003185
member,C(month)[T.9],0.30402949369420984,0.15888966655229406,0.4491693208361256,4.03257360828593e-05
member,C(month)[T.10],0.32193558176046455,0.18719982885418873,0.45667133466674037,2.8255689232371986e-06
member,C(month)[T.11],0.2224038930722232,0.041304391079185765,0.4035033950652606,0.01608487047568408
member,C(month)[T.12],-0.00928797124977887,-0.251486538611325,0.23291059611176726,0.9400859484299202
member,tmax_f,0.037429626627727336,0.02699109245997037,0.0478681607954843,2.0970164475114904e-12
member,I(tmax_f ** 2),-0.00019310505045067996,-0.0002665928440238687,-0.00011961725687749119,2.601690077400457e-07
member,rain,-0.21145766337754734,-0.2500392383583685,-0.1728760883967262,6.451783878984779e-27
casual,Intercept,6.5786658552772135,6.217157936742254,6.940173773812173,1.2788296654533365e-278
casual,C(weekday)[T.Monday],-0.2761054725363866,-0.32845763941949757,-0.22375330565327567,4.8003099122916605e-25
casual,C(weekday)[T.Saturday],0.20418283629529577,0.13588338852787862,0.2724822840627129,4.64656340307741e-09
casual,C(weekday)[T.Sunday],0.029077010594893232,-0.029817669156001335,0.0879716903457878,0.3332153231631966
casual,C(weekday)[T.Thursday],-0.16171569146476578,-0.20771007579103604,-0.11572130713849552,5.53200575493432e-12
casual,C(weekday)[T.Tuesday],-0.26433506387736994,-0.3142193959802005,-0.21445073177453938,2.8783688463280243e-25
casual,C(weekday)[T.Wednesday],-0.23018572975399682,-0.28383093715972035,-0.1765405223482733,4.1004032068902955e-17
casual,C(month)[T.2],-0.040546950678903904,-0.13941461569714864,0.05832071433934083,0.4215082022510763
casual,C(month)[T.3],0.038006389399500184,-0.1124638037993855,0.18847658259838587,0.620560673902373
casual,C(month)[T.4],0.21977807600495658,0.04564575588367781,0.39391039612623535,0.013370905267062503
casual,C(month)[T.5],0.3511204974934272,0.19445209513812162,0.5077888998487328,1.1199681778465993e-05
casual,C(month)[T.6],0.4104083169212709,0.24699831550919762,0.5738183183333442,8.544613079610194e-07
casual,C(month)[T.7],0.35883822404927734,0.18556706449238966,0.532109383606165,4.9280440994711494e-05
casual,C(month)[T.8],0.38278370514164184,0.21161771622817405,0.5539496940551096,1.1698784080542401e-05
casual,C(month)[T.9],0.448303567249388,0.28518283330079264,0.6114243011979834,7.182085840955368e-08
casual,C(month)[T.10],0.4469217967053236,0.29312180800681203,0.6007217854038351,1.2309159589397274e-08
casual,C(month)[T.11],0.33536442936785527,0.17899498256433186,0.49173387617137865,2.6279513090490746e-05
casual,C(month)[T.12],0.1104842228345948,-0.07604604497794565,0.29701449064713525,0.24567796879498838
casual,tmax_f,0.07551551233302359,0.06265438419590219,0.08837664047014498,1.2003716973986729e-30
casual,I(tmax_f ** 2),-0.00037694879620657647,-0.0004705797942513587,-0.00028331779816179425,3.0070337137570944e-15
casual,rain,-0.32135283098481515,-0.36623259878894,-0.2764730631806903,9.663024069441173e-45
member_electric,Intercept,9.64514448204088,9.302411085663355,9.987877878418406,0.0
member_electric,C(weekday)[T.Monday],-0.11394578789974633,-0.1585377088958751,-0.06935386690361757,5.491339183214626e-07
member_electric,C(weekday)[T.Saturday],-0.18671304424636748,-0.23160669027983524,-0.1418193982128997,3.594187073030081e-16
member_electric,C(weekday)[T.Sunday],-0.3103265065342134,-0.35123720079384885,-0.26941581227457795,5.379192758513683e-50
member_electric,C(weekday)[T.Thursday],-0.0007649195455021324,-0.03898187135733229,0.037452032266328025,0.9687077719303645
member_electric,C(weekday)[T.Tuesday],-0.015068138967479466,-0.056017431359945156,0.025881153424986224,0.4707807629256683
member_electric,C(weekday)[T.Wednesday],0.004623134721721017,-0.04175602267337894,0.051002292116820974,0.8451019238253873
member_electric,C(month)[T.2],0.0335306784390863,-0.10818506146802423,0.17524641834619684,0.6428357296209564
member_electric,C(month)[T.3],0.05889485198897537,-0.11203335339506146,0.2298230573730122,0.4994704244474384
member_electric,C(month)[T.4],0.1525679017638364,-0.0203944726016409,0.3255302761293137,0.08383429726317339
member_electric,C(month)[T.5],0.2006889245413097,0.04166484766093845,0.35971300142168094,0.013380384460543675
member_electric,C(month)[T.6],0.26739181273301416,0.09289892857065213,0.4418846968953762,0.0026694912258821684
member_electric,C(month)[T.7],0.20320228837548449,0.02727157711231612,0.3791329996386529,0.023587389947510525
member_electric,C(month)[T.8],0.22454212722112743,0.057710588159870235,0.3913736662823846,0.008340707457839715
member_electric,C(month)[T.9],0.37268786754359784,0.20676551926945902,0.5386102158177366,1.0706514074329855e-05
member_electric,C(month)[T.10],0.3922972278474832,0.23967736604895926,0.5449170896460072,4.705893268281958e-07
member_electric,C(month)[T.11],0.296524542632298,0.1000496961543468,0.4929993891102492,0.0030961743992588544
member_electric,C(month)[T.12],0.056366743269821384,-0.19336346037936514,0.3060969469190079,0.6582109485780712
member_electric,tmax_f,0.03260854833355226,0.02142085118238958,0.043796245484714946,1.1121964989393727e-08
member_electric,I(tmax_f ** 2),-0.00016331815961958808,-0.00024293503743871847,-8.370128180045767e-05,5.808077669137408e-05
member_electric,rain,-0.19547779963624667,-0.23515024891225597,-0.15580535036023738,4.57690525768806e-22
member_classic,Intercept,8.498968322929146,8.21100402654382,8.786932619314472,0.0
member_classic,C(weekday)[T.Monday],0.020296065374534905,-0.02843814408748365,0.06903027483655347,0.4143541297114014
member_classic,C(weekday)[T.Saturday],-0.17057446827657535,-0.22197816742788162,-0.11917076912526908,7.831158730455819e-11
member_classic,C(weekday)[T.Sunday],-0.23726857215807243,-0.28285312853948996,-0.19168401577665486,1.9492494866667288e-24
member_classic,C(weekday)[T.Thursday],0.05697254890135387,0.010682468165257919,0.10326262963744982,0.015853563804687915
member_classic,C(weekday)[T.Tuesday],0.08977435091325846,0.045320745465046754,0.13422795636147017,7.552927601815748e-05
member_classic,C(weekday)[T.Wednesday],0.08050963430867338,0.027974120339224202,0.13304514827812255,0.0026680061246091152
member_classic,C(month)[T.2],0.007050911081259631,-0.07087134374607434,0.0849731659085936,0.8592332784576793
member_classic,C(month)[T.3],-0.06717580523698741,-0.17149999667881222,0.037148386204837416,0.20693143991608476
member_classic,C(month)[T.4],-0.006286374573904574,-0.13817547414630563,0.12560272499849648,0.9255699741163659
member_classic,C(month)[T.5],0.044993165366754795,-0.0786350771591997,0.1686214078927093,0.475655342059787
member_classic,C(month)[T.6],0.08081947330718364,-0.05293158269967946,0.21457052931404674,0.23628876295236423
member_classic,C(month)[T.7],-0.002131307667342597,-0.1551698811530657,0.15090726581838051,0.9782239319531181
member_classic,C(month)[T.8],0.008796882182487309,-0.1298768707925078,0.1474706351574824,0.9010524846154647
member_classic,C(month)[T.9],0.16824160322587822,0.03437812161189513,0.3021050848398613,0.013766017523319931
member_classic,C(month)[T.10],0.18138125301670627,0.05146449424702773,0.31129801178638483,0.006212055013531967
member_classic,C(month)[T.11],0.07355711587411307,-0.09556817019731359,0.24268240194553972,0.3939694709415825
member_classic,C(month)[T.12],-0.14466689224697404,-0.38698314067466777,0.09764935618071968,0.24194801504114016
member_classic,tmax_f,0.04707078605681779,0.03628522851456609,0.05785634359906949,1.1914491957355583e-17
member_classic,I(tmax_f ** 2),-0.0002522252518226708,-0.00033177280609256795,-0.0001726776975527737,5.147129931892984e-10
member_classic,rain,-0.2447012496465428,-0.28505305760805033,-0.20434944168503524,1.4061381711712338e-32
casual_electric,Intercept,6.57007828886437,6.2284728030922825,6.911683774636458,0.0
casual_electric,C(weekday)[T.Monday],-0.29467610865574756,-0.3433119310417851,-0.24604028626971003,1.5947050563328152e-32
casual_electric,C(weekday)[T.Saturday],0.1446342528679106,0.08328177992182205,0.20598672581399913,3.8285167622786276e-06
casual_electric,C(weekday)[T.Sunday],-0.025316250577975527,-0.07981611098721772,0.029183609831266673,0.36258967459666336
casual_electric,C(weekday)[T.Thursday],-0.16009045768742952,-0.20255666477786533,-0.11762425059699373,1.4823276493200255e-13
casual_electric,C(weekday)[T.Tuesday],-0.2723256637322323,-0.3189400241545501,-0.22571130330991457,2.3432836881347185e-30
casual_electric,C(weekday)[T.Wednesday],-0.23062849007669828,-0.2809581531849886,-0.18029882696840796,2.676958266617136e-19
casual_electric,C(month)[T.2],-0.0453284540565147,-0.15046746849840564,0.059810560385376244,0.3981125902988477
casual_electric,C(month)[T.3],0.043390537755663816,-0.11394472959954385,0.20072580511087149,0.5888339474056103
casual_electric,C(month)[T.4],0.21701111935108353,0.05087426876849871,0.38314796993366834,0.010462931248247168
casual_electric,C(month)[T.5],0.34951001293467177,0.19741369302706094,0.5016063328422826,6.671673790994701e-06
casual_electric,C(month)[T.6],0.4359644809491767,0.2762515259027644,0.595677435995589,8.792267619961602e-08
casual_electric,C(month)[T.7],0.3920292820444633,0.22746152763714078,0.5565970364517858,3.0270135102847624e-06
casual_electric,C(month)[T.8],0.40059719986580156,0.2374671920111583,0.5637272077204448,1.4862948580854659e-06
casual_electric,C(month)[T.9],0.4847497695346492,0.32789957273206716,0.6415999663372313,1.3840667863080395e-09
casual_electric,C(month)[T.10],0.4794982051164345,0.3307580470872357,0.6282383631456332,2.6429214193641037e-10
casual_electric,C(month)[T.11],0.3822580893664478,0.22703402435881076,0.5374821543740849,1.3884947680009614e-06
casual_electric,C(month)[T.12],0.1467806392256712,-0.03925123537556369,0.3328125138269061,0.12200140913964407
casual_electric,tmax_f,0.06854211751855988,0.056712164971209504,0.08037207006591024,6.930062911624102e-30
casual_electric,I(tmax_f ** 2),-0.00033979107336403326,-0.0004243674522478012,-0.0002552146944802653,3.427049180816809e-15
casual_electric,rain,-0.2927988846021704,-0.3349583171842013,-0.2506394520201395,3.3969727404966044e-42
casual_classic,Intercept,4.194235641338293,3.7387894207394696,4.649681861937116,7.96896777350313e-73
casual_classic,C(weekday)[T.Monday],-0.22178607926683058,-0.29209099000184197,-0.1514811685318192,6.290909006177012e-10
casual_classic,C(weekday)[T.Saturday],0.36994978711053195,0.2786422106666874,0.4612573635543765,2.002958241500105e-15
casual_classic,C(weekday)[T.Sunday],0.1899514109626731,0.11538255261131775,0.26452026931402844,5.95493380856714e-07
casual_classic,C(weekday)[T.Thursday],-0.1715912053753595,-0.23251537140547718,-0.11066703934524182,3.386456276276647e-08
casual_classic,C(weekday)[T.Tuesday],-0.24353979085676197,-0.30823485607365886,-0.17884472563986512,1.6051668647840202e-13
casual_classic,C(weekday)[T.Wednesday],-0.23221917085542387,-0.301345261893001,-0.16309307981784676,4.5728760627882955e-11
casual_classic,C(month)[T.2],-0.019934058432612173,-0.1307106134020905,0.09084249653686614,0.7243191418259054
casual_classic,C(month)[T.3],0.017006747744712947,-0.14527813141256088,0.17929162690198677,0.8372629953553984
casual_classic,C(month)[T.4],0.20710066160587548,-0.021172749299432025,0.435374072511183,0.07537528623290159
casual_classic,C(month)[T.5],0.33886206664365237,0.14032502911580313,0.5373991041715016,0.0008220631139662912
casual_classic,C(month)[T.6],0.32460253139601747,0.11013817147146854,0.5390668913205664,0.003012069487961848
casual_classic,C(month)[T.7],0.25775833674699733,0.024146826723152215,0.49136984677084244,0.03057564739353363
casual_classic,C(month)[T.8],0.3116405605316306,0.08813845396154893,0.5351426671017122,0.00627833401972357
casual_classic,C(month)[T.9],0.33611972957156766,0.12767005422124222,0.5445694049218931,0.001575573205349803
casual_classic,C(month)[T.10],0.3435341399541505,0.14778695121983584,0.5392813286884651,0.0005823270455572017
casual_classic,C(month)[T.11],0.18114397016208628,-0.0018609452946235783,0.3641488856187961,0.05237562480052489
casual_classic,C(month)[T.12],-0.029512694709662224,-0.24141530638097347,0.18238991696164902,0.7848735094435151
casual_classic,tmax_f,0.10086321051873245,0.08358430712469264,0.11814211391277227,2.608045161517196e-30
casual_classic,I(tmax_f ** 2),-0.000518282642677974,-0.000649687158101812,-0.00038687812725413594,1.0717170739276549e-14
casual_classic,rain,-0.41490454021677114,-0.4725892908605438,-0.3572197895729985,3.947036518976723e-45
