,Q4 2024,Q4 2025,change
trips_total,11158901.0,10230570.0,-928331.0
trips_member,9260309.0,8707193.0,-553116.0
trips_casual,1898592.0,1523377.0,-375215.0
mean_tmax_f,56.8,52.7,-4.099999999999994
mean_tmin_f,43.6,40.4,-3.200000000000003
rain_days,25.0,32.0,7.0
heavy_rain_days,6.0,7.0,1.0
total_prcp_in,7.89,9.57,1.6800000000000006
snow_days,2.0,3.0,1.0
days_tmax_le_40f,15.0,16.0,1.0
mean_monthly_active_stations,2134.0,2175.0,41.0
electric_share,0.6792,0.7144,0.03520000000000001
member_share,0.8299,0.8511,0.021199999999999997
