issue,n_trips,pct_of_raw
missing_end_station_id,252958,0.2808
missing_end_station_name,235953,0.262
missing_end_coords,252504,0.2803
zero_end_coords,197,0.0002
missing_start_station,50106,0.0556
missing_start_coords,50106,0.0556
duration_nonpositive,801,0.0009
duration_lt_60s,118,0.0001
duration_gt_24h,20039,0.0222
duration_gt_24h_and_no_end_station,19425,0.0216
start_lng_west_of_cutoff,4944,0.0055
start_lng_west_of_cutoff_but_nyc_station,4769,0.0053
start_station_nj,168,0.0002
end_station_nj,6484,0.0072
start_station_depot_or_test,8124,0.009
end_station_depot_or_test,9747,0.0108
start_in_los_angeles_demo,41,0.0
start_station_id_needs_normalising,502131,0.5575
start_month_differs_from_file_month,13932,0.0155
