file_month,n_files,n_rows,n_rows_in_file
202401,2,1888085,1888085
202402,3,2121501,2121501
202403,3,2663295,2663295
202404,4,3217063,3217063
202405,5,4133961,4133961
202406,5,4783576,4783576
202407,5,4722896,4722896
202408,5,4603575,4603575
202409,5,4997898,4997898
202410,6,5150054,5150054
202411,4,3710134,3710134
202412,3,2311171,2311171
202501,3,2124475,2124475
202502,3,2031257,2031257
202503,4,3168271,3168271
202504,4,3724596,3724596
202505,5,4325553,4325553
202506,5,4759345,4759345
202507,5,4988053,4988053
202508,6,5121533,5121533
202509,6,5287447,5287447
202510,5,4731900,4731900
202511,4,3417052,3417052
202512,3,2091620,2091620
202601,2,266,1816391
