ym,inside,outside
202401,53.024632046423314,49.38549234105213
202402,60.48119456193532,54.63444037742815
202403,73.23644044999689,71.07053024149735
202404,87.92755659307197,86.3840892866001
202405,111.83797569742332,112.22323988522692
202406,127.03531935292312,131.96634815845775
202407,124.59220913046003,131.03904691945147
202408,121.44060538060786,127.73611215395755
202409,135.92833055869096,134.76353936202753
202410,140.5633496624517,138.49850268580283
202411,100.7773545309542,100.18957966697972
202412,63.15503203506132,62.10907892151843
202501,58.71721667114069,56.51485357759688
202502,57.735079049535344,52.54466190768024
202503,87.27727922961172,84.50577026267122
202504,102.5737872300454,99.39196029162625
202505,115.50227542235898,118.77172898724284
202506,126.72370819527501,130.9881060824171
202507,133.40411143923717,136.66269543954294
202508,136.23538566872725,141.15475582843058
202509,146.1265087864925,140.598699682344
202510,130.2782127975159,126.26196914432002
202511,92.90079192263381,92.213176495821
202512,57.32036622185674,56.05528660176145
