month,inside_all,outside_all,inside_constant,outside_constant
1,10.735736213564827,14.436144905289128,9.516264083986758,14.35756313975649
2,-4.540445228124312,-3.8250203631833624,-6.443882501690734,-4.514288860745552
3,19.171929565857848,18.90409425048749,16.04562822931792,17.7350537365764
4,16.657156418841556,15.058179246260739,12.236433831414883,13.647107004897151
5,3.276436024601681,5.835234403064105,0.03797809590713186,4.383266104616457
6,-0.24529489848599262,-0.7412814628059983,-3.686744635802408,-2.3965879947391744
7,7.072594964224632,4.291582281995887,3.564217920417856,3.4001241265065874
8,12.182729361197575,10.504972672332347,8.938889358818125,11.055938928947274
9,7.502614198147728,4.329925102843246,4.307489021751065,5.590061011550884
10,-7.31708293067469,-8.835137784299786,-8.921133226379553,-7.611055090381713
11,-7.81580608558351,-7.961310145896916,-8.272902081725109,-7.372354412947535
12,-9.238639622517153,-9.747032841054693,-9.72115111417786,-9.898868592988386
